site_id,ci,type,sector_id,sector_id_new,prb_dl_cell,prb_ul_cell,delta_prb_dl,delta_prb_ul
APR054,31,MAC,3,3,36.75138889,16.07368421,15.755,22
APR055,11,MAC,1,1,83.96493056,33.24,12.28173611,31.45533333
APR053,31,MAC,3,3,17.63298611,15.90491228,4.285013889,1.638245614
APR049,11,MAC,1,1,37.96875,22.39333333,29.07541667,11.214
APR049,22,MAC,2,2,53.46333333,32.824,8.576875,7.107859649
APR054,11,MAC,1,1,50.346875,42.42561404,6.132458333,25.536
APR049,21,MAC,2,2,44.88645833,25.71614035,8.576875,7.107859649
APR049,31,MAC,3,3,87.64270833,52.60140351,9.120708333,12.32607018
APR049,32,MAC,3,3,78.522,40.27533333,9.120708333,12.32607018
APR051,11,MAC,1,1,54.04583333,33.23192982,32.3915,19.50473684
APR054,12,MAC,1,1,56.47933333,38.678,6.132458333,25.536
APR051,12,MAC,1,1,86.43733333,52.73666667,32.3915,19.50473684
APR051,22,MAC,2,2,71.70666667,32.856,61.91666667,22.84733333
APR051,23,MAC,2,2,9.79,10.00866667,61.91666667,22.84733333
APR054,13,MAC,1,1,54.49466667,64.214,6.132458333,25.536
APR051,21,MAC,2,2,39.12118056,20.55192982,61.91666667,22.84733333
APR051,31,MAC,3,3,87.74618056,48.68210526,0.286847222,0.65077193
APR051,32,MAC,3,3,87.45933333,48.03133333,0.286847222,0.65077193
APR055,13,MAC,1,1,86.27533333,41.72866667,12.28173611,31.45533333
APR054,22,MAC,2,2,59.39266667,73.02866667,15.93754167,40.30375439
APR054,21,MAC,2,2,75.33020833,32.72491228,15.93754167,40.30375439
APR054,23,MAC,2,2,62.929,35.458,15.93754167,40.30375439
APR054,33,MAC,3,3,25.33566667,11.328,15.755,22
APR054,32,MAC,3,3,41.09066667,33.328,15.755,22
APR051,42,MAC,7,7,62.66866667,35.744,46.74436111,25.87768421
APR051,41,MAC,7,7,15.92430556,9.866315789,46.74436111,25.87768421
APR053,13,MAC,1,1,66.70333333,35.70666667,31.87972222,9.880350877
APR053,11,MAC,1,1,34.82361111,25.82631579,31.87972222,9.880350877
APR001,11,MAC,1,1,2.021180556,4.593684211,14.50148611,6.861649123
APR001,12,MAC,1,1,16.52266667,11.45533333,14.50148611,6.861649123
APR001,22,MAC,2,2,97.98933333,64.372,79.79533333,8.454807018
APR001,21,MAC,2,2,85.90277778,55.91719298,79.79533333,8.454807018
APR001,25,MAC,2,2,18.194,40.1,79.79533333,34.794
APR001,24,MAC,2,2,45.924,74.894,79.79533333,34.794
APR001,31,MAC,3,3,52.14340278,29.3877193,22.03526389,15.8342807
APR001,32,MAC,3,3,74.17866667,45.222,22.03526389,15.8342807
APR001,42,MAC,7,7,67.91333333,34.6,10.956,5.784666667
APR001,43,MAC,7,7,56.95733333,40.38466667,10.956,5.784666667
APR002,12,MAC,1,1,97.27533333,73.12533333,10.68679167,20.5842807
APR002,11,MAC,1,1,86.58854167,52.54105263,10.68679167,20.5842807
APR002,22,MAC,2,2,85.23933333,35.256,17.89836111,0.556982456
APR002,21,MAC,2,2,67.34097222,35.81298246,17.89836111,0.556982456
APR002,32,MAC,3,3,58.95,37.234,0.165972222,1.710842105
APR002,31,MAC,3,3,59.11597222,35.52315789,0.165972222,1.710842105
APR004,11,MAC,1,1,60.60798611,24.87333333,0,0
APR004,21,MAC,2,2,58.99965278,22.60175439,0,0
APR004,31,MAC,3,3,94.18576389,48.39263158,0,0
APR005,11,MAC,1,1,37.62743056,23.08877193,28.23256944,17.14922807
APR005,12,MAC,1,1,65.86,40.238,28.23256944,17.14922807
APR005,23,MAC,2,2,85.222,44.776,7.488,19.83933333
APR005,21,MAC,2,2,90.25729167,61.83964912,7.488,19.83933333
APR005,22,MAC,2,2,92.71,64.61533333,7.488,19.83933333
APR005,32,MAC,3,3,93.58533333,56.276,21.984,31.28617544
APR005,31,MAC,3,3,74.69722222,24.98982456,21.984,31.28617544
APR005,33,MAC,3,3,71.60133333,30.92033333,21.984,31.28617544
APR006,15,MAC,1,1,61.06133333,81.80133333,41.88166667,26.93033333
APR006,11,MAC,1,1,62.11527778,30.94,41.88166667,27.10666667
APR006,12,MAC,1,1,96.912,58.04666667,41.88166667,27.10666667
APR006,13,MAC,1,1,75.22766667,34.579,41.88166667,27.10666667
APR006,14,MAC,1,1,55.03033333,54.871,41.88166667,26.93033333
APR006,21,MAC,2,2,92.73819444,59.26947368,45.48566667,4.003
APR006,25,MAC,2,2,48.97033333,65.81766667,45.48566667,8.009666667
APR006,24,MAC,2,2,52.56333333,73.82733333,45.48566667,8.009666667
APR006,23,MAC,2,2,94.456,57.047,45.48566667,4.003
APR006,22,MAC,2,2,88.31666667,61.05,45.48566667,4.003
APR006,33,MAC,3,3,63.741,34.95233333,23.12666667,12.82129825
APR006,32,MAC,3,3,84.09133333,46.33533333,23.12666667,12.82129825
APR006,35,MAC,3,3,73.06166667,86.00166667,23.12666667,19.73166667
APR006,31,MAC,3,3,79.96215278,33.51403509,23.12666667,12.82129825
APR006,34,MAC,3,3,60.96466667,66.27,23.12666667,19.73166667
APR008,11,MAC,1,1,46.52638889,18.12701754,24.02905556,7.371017544
APR008,12,MAC,1,1,22.49733333,10.756,24.02905556,7.371017544
APR008,52,MAC,5,2,97.994,73.28,49.244,35.89866667
APR008,55,MAC,5,2,50.06466667,74.394,49.244,19.14
APR008,21,MAC,2,2,94.89236111,39.56175439,49.244,35.89866667
APR053,23,MAC,2,2,59.90966667,26.67533333,4.159083333,6.962912281
APR008,22,MAC,2,2,99.30866667,74.146,49.244,35.89866667
APR008,23,MAC,2,2,90.589,38.24733333,49.244,35.89866667
APR008,24,MAC,2,2,63.81266667,89.18,49.244,19.14
APR008,25,MAC,2,2,60.05933333,88.276,49.244,19.14
APR008,51,MAC,5,2,97.77326389,53.84385965,49.244,35.89866667
APR008,54,MAC,5,2,82.869,93.534,49.244,19.14
APR008,35,MAC,3,3,78.82533333,93.26733333,46.43133333,14.25966667
APR008,64,MAC,6,3,74.81,96.22366667,46.43133333,14.25966667
APR008,65,MAC,6,3,72.73933333,98.142,46.43133333,14.25966667
APR008,31,MAC,3,3,95.91736111,40.51403509,46.43133333,54.86866667
APR008,32,MAC,3,3,99.32133333,86.542,46.43133333,54.86866667
APR008,33,MAC,3,3,99.52266667,58.779,46.43133333,54.86866667
APR008,34,MAC,3,3,78.95666667,83.88233333,46.43133333,14.25966667
APR008,62,MAC,6,3,53.09133333,31.67333333,46.43133333,54.86866667
APR053,21,MAC,2,2,64.06875,33.63824561,4.159083333,6.962912281
APR008,61,MAC,6,3,95.49861111,38.60245614,46.43133333,54.86866667
APR009,12,MAC,1,1,85.35533333,57.07533333,6.752305556,15.29066667
APR009,11,MAC,1,1,92.10763889,46.84,6.752305556,15.29066667
APR009,13,MAC,1,1,91.79766667,41.78466667,6.752305556,15.29066667
APR009,23,MAC,2,2,89.26033333,50.23333333,3.370222222,23.94775439
APR009,21,MAC,2,2,91.92222222,50.13157895,3.370222222,23.94775439
APR009,22,MAC,2,2,88.552,74.07933333,3.370222222,23.94775439
APR009,33,MAC,3,3,92.82866667,44.747,64.83866667,24.265
APR009,62,MAC,6,3,27.99,20.482,64.83866667,24.265
APR009,32,MAC,3,3,77.76333333,33.11066667,64.83866667,24.265
APR009,31,MAC,3,3,85.353125,29.46210526,64.83866667,24.265
APR011,11,MAC,1,1,67.53888889,39.48526316,50.45733333,21.09033333
APR011,12,MAC,1,1,93.08133333,47.52866667,50.45733333,21.09033333
APR011,13,MAC,1,1,42.624,26.43833333,50.45733333,21.09033333
APR011,22,MAC,2,2,56.60066667,30.24333333,0,0
APR011,31,MAC,3,3,70.546875,37.96280702,9.815791667,5.907859649
APR011,32,MAC,3,3,80.36266667,43.87066667,9.815791667,5.907859649
APR011,42,MAC,7,7,22.21,24.008,4.612777778,10.25852632
APR011,41,MAC,7,7,17.59722222,13.74947368,4.612777778,10.25852632
APR012,11,MAC,1,1,54.22118056,36.37719298,0,0
APR012,21,MAC,2,2,30.61354167,20.21964912,0,0
APR012,31,MAC,3,3,84.025,42.46315789,10.92633333,14.20217544
APR012,32,MAC,3,3,73.09866667,56.66533333,10.92633333,14.20217544
APR013,11,MAC,1,1,59.17430556,47.05649123,61.23233333,10.254
APR013,12,MAC,1,1,73.50466667,38.75133333,61.23233333,10.254
APR013,15,MAC,1,1,34.95033333,62.36933333,61.23233333,25.69633333
APR013,13,MAC,1,1,73.893,49.00533333,61.23233333,10.254
APR013,16,MAC,1,1,12.66066667,37.72066667,61.23233333,25.69633333
APR013,14,MAC,1,1,37.804,63.417,61.23233333,25.69633333
APR013,21,MAC,2,2,41.88680556,25.14912281,4.312333333,16.56287719
APR013,22,MAC,2,2,41.05533333,41.712,4.312333333,16.56287719
APR013,23,MAC,2,2,45.36766667,25.81833333,4.312333333,16.56287719
APR013,31,MAC,3,3,66.87951389,35.33894737,3.617152778,11.3037193
APR013,32,MAC,3,3,70.49666667,46.64266667,3.617152778,11.3037193
APR013,42,MAC,7,7,46.648,30.51866667,19.96675,16.21164912
APR013,41,MAC,7,7,26.68125,14.30701754,19.96675,16.21164912
APR015,11,MAC,1,1,49.12118056,30.5845614,13.48281944,5.86922807
APR015,13,MAC,1,1,62.604,24.71533333,13.48281944,5.86922807
APR015,21,MAC,2,2,98.09513889,77.63157895,51.12047222,56.46091228
APR015,23,MAC,2,2,46.97466667,21.17066667,51.12047222,56.46091228
APR015,31,MAC,3,3,32.61388889,24.90175439,11.89511111,3.202421053
APR015,33,MAC,3,3,44.509,21.69933333,11.89511111,3.202421053
APR016,13,MAC,1,1,27.90566667,19.03133333,6.55325,13.32333333
APR016,11,MAC,1,1,24.53541667,28.38280702,6.55325,13.32333333
APR016,12,MAC,1,1,31.08866667,32.35466667,6.55325,13.32333333
APR016,23,MAC,2,2,62.616,37.251,16.82266667,9.206333333
APR016,22,MAC,2,2,79.43866667,46.45733333,16.82266667,9.206333333
APR016,21,MAC,2,2,67.43854167,41.42842105,16.82266667,9.206333333
APR016,31,MAC,3,3,38.97916667,34.29649123,28.0005,10.70382456
APR016,33,MAC,3,3,66.97966667,23.59266667,28.0005,10.70382456
APR018,12,MAC,1,1,77.954,45.506,22.05747222,6.627403509
APR018,11,MAC,1,1,55.89652778,38.87859649,22.05747222,6.627403509
APR018,22,MAC,2,2,64.82666667,45.84666667,5.521597222,2.713333333
APR018,21,MAC,2,2,70.34826389,43.13333333,5.521597222,2.713333333
APR018,32,MAC,3,3,18.622,17.766,10.12477778,3.588105263
APR018,31,MAC,3,3,8.497222222,14.17789474,10.12477778,3.588105263
APR019,13,MAC,1,1,58.229,25.758,44.70816667,35.02866667
APR019,12,MAC,1,1,98.13733333,60.78666667,44.70816667,35.02866667
APR019,11,MAC,1,1,53.42916667,26.34350877,44.70816667,35.02866667
APR019,22,MAC,2,2,53.626,42.07266667,6.734069444,4.259684211
APR019,21,MAC,2,2,60.36006944,37.81298246,6.734069444,4.259684211
APR019,31,MAC,3,3,74.40972222,42.8445614,9.195611111,11.35410526
APR019,32,MAC,3,3,83.60533333,54.19866667,9.195611111,11.35410526
APR019,42,MAC,7,7,54.01866667,29.738,0,0
APR020,12,MAC,1,1,74.48733333,57.754,32.24566667,21.20733333
APR020,11,MAC,1,1,42.24166667,36.54666667,32.24566667,21.20733333
APR020,22,MAC,2,2,71.06266667,37.17933333,18.04254167,11.32768421
APR020,21,MAC,2,2,89.10520833,42.80035088,18.04254167,11.32768421
APR020,23,MAC,2,2,75.171,31.47266667,18.04254167,11.32768421
APR020,31,MAC,3,3,52.51840278,17.89964912,3.914402778,10.62568421
APR020,32,MAC,3,3,48.604,28.52533333,3.914402778,10.62568421
APR022,13,MAC,1,1,58.797,22.80866667,15.03433333,24.02866667
APR022,11,MAC,1,1,59.828125,25.74245614,15.03433333,24.02866667
APR022,12,MAC,1,1,73.83133333,46.83733333,15.03433333,24.02866667
APR022,23,MAC,2,2,87.95833333,42.03833333,1.182291667,12.02326316
APR022,21,MAC,2,2,87.81770833,36.78807018,1.182291667,12.02326316
APR022,22,MAC,2,2,89,48.81133333,1.182291667,12.02326316
APR022,65,MAC,6,3,69.50866667,80.978,53.893,50.793
APR022,31,MAC,3,3,59.60902778,35.0245614,53.893,9.8
APR022,34,MAC,3,3,15.61566667,30.185,53.893,50.793
APR022,33,MAC,3,3,63.749,35.60666667,53.893,9.8
APR022,32,MAC,3,3,50.262,25.80666667,53.893,9.8
APR022,35,MAC,3,3,31.50666667,68.23266667,53.893,50.793
APR022,64,MAC,6,3,37.59966667,52.912,53.893,50.793
APR023,13,MAC,1,1,81.319,37.09366667,25.459375,25.14533333
APR023,11,MAC,1,1,59.090625,28.93333333,25.459375,25.14533333
APR023,12,MAC,1,1,84.55,54.07866667,25.459375,25.14533333
APR023,23,MAC,2,2,23.973,9.171,19.90833333,15.12433333
APR023,22,MAC,2,2,43.88133333,24.29533333,19.90833333,15.12433333
APR023,31,MAC,3,3,92.02083333,49.42561404,10.4575,9.615947368
APR023,32,MAC,3,3,81.56333333,41.36666667,10.4575,9.615947368
APR023,33,MAC,3,3,91.02766667,39.80966667,10.4575,9.615947368
APR024,11,MAC,1,1,28.85,22.75649123,45.54666667,33.53284211
APR024,12,MAC,1,1,74.39666667,56.28933333,45.54666667,33.53284211
APR024,21,MAC,2,2,58.66770833,30.63964912,31.261625,19.22101754
APR024,22,MAC,2,2,89.92933333,49.86066667,31.261625,19.22101754
APR024,31,MAC,3,3,18.96944444,18.12736842,43.12322222,19.80929825
APR024,32,MAC,3,3,62.09266667,37.93666667,43.12322222,19.80929825
APR025,15,MAC,1,1,47.83,76.93266667,28.04119444,23.19133333
APR025,14,MAC,1,1,40.622,53.74133333,28.04119444,23.19133333
APR025,11,MAC,1,1,68.66319444,32.12982456,28.04119444,0.677666667
APR025,12,MAC,1,1,51.322,31.798,28.04119444,0.677666667
APR025,13,MAC,1,1,65.34366667,32.47566667,28.04119444,0.677666667
APR025,23,MAC,2,2,76.39833333,25.96466667,60.592,34.014
APR025,54,MAC,5,2,37.42133333,57.29666667,60.592,7.420666667
APR025,55,MAC,5,2,44.426,64.71733333,60.592,7.420666667
APR025,21,MAC,2,2,82.88611111,39.72982456,60.592,34.014
APR025,22,MAC,2,2,98.01333333,59.97866667,60.592,34.014
APR025,33,MAC,3,3,76.036,26.80433333,3.462,19.923
APR025,31,MAC,3,3,77.86354167,33.88842105,3.462,19.923
APR025,62,MAC,6,3,75.072,44.06733333,3.462,19.923
APR025,32,MAC,3,3,78.534,46.72733333,3.462,19.923
APR025,43,MAC,7,7,98.347,65.05866667,3.297,16.66466667
APR025,41,MAC,7,7,96.51041667,50.75929825,3.297,16.66466667
APR025,42,MAC,7,7,95.05,48.394,3.297,16.66466667
APR025,81,MAC,8,8,91.00763889,33.93789474,50.15263889,13.93639474
APR025,83,MAC,8,8,40.855,20.0015,50.15263889,13.93639474
APR025,82,MAC,8,8,67.666,28.67333333,50.15263889,13.93639474
APR028,11,MAC,1,1,13.29340278,9.204912281,72.32926389,33.14942105
APR028,13,MAC,1,1,84.917,42.35433333,72.32926389,33.14942105
APR028,12,MAC,1,1,85.62266667,41.946,72.32926389,33.14942105
APR028,22,MAC,2,2,91.45133333,45.28533333,39.83084722,15.91831579
APR028,21,MAC,2,2,51.62048611,29.36701754,39.83084722,15.91831579
APR028,23,MAC,2,2,55.17333333,30.753,39.83084722,15.91831579
APR028,32,MAC,3,3,70.798,32.75066667,26.182375,6.745754386
APR028,31,MAC,3,3,44.615625,26.00491228,26.182375,6.745754386
APR028,43,MAC,7,7,96.9585,43.945,1.954166667,26.72233333
APR028,42,MAC,7,7,98.91266667,70.66733333,1.954166667,26.72233333
APR031,12,MAC,1,1,39.38466667,28.36466667,8.993111111,4.687614035
APR031,11,MAC,1,1,48.37777778,33.0522807,8.993111111,4.687614035
APR031,21,MAC,2,2,57.86666667,40.70140351,8.262,5.178736842
APR031,22,MAC,2,2,49.60466667,35.52266667,8.262,5.178736842
APR031,32,MAC,3,3,88.06066667,65.05266667,22.66066667,35.66933333
APR031,33,MAC,3,3,65.4,29.38333333,22.66066667,35.66933333
APR031,31,MAC,3,3,82.05104167,55.6845614,22.66066667,35.66933333
APR033,11,MAC,1,1,54.74583333,23.58807018,35.59016667,43.83126316
APR033,12,MAC,1,1,90.336,67.41933333,35.59016667,43.83126316
APR033,13,MAC,1,1,73.056,35.90366667,35.59016667,43.83126316
APR033,14,MAC,1,1,66.68433333,71.76533333,35.59016667,3.304
APR033,41,MAC,4,1,78.05243056,40.23017544,35.59016667,43.83126316
APR033,15,MAC,1,1,60.06733333,68.46133333,35.59016667,3.304
APR033,21,MAC,2,2,60.00381944,22.46912281,57.54743056,45.02821053
APR033,22,MAC,2,2,87.49266667,67.49733333,57.54743056,45.02821053
APR033,23,MAC,2,2,74.56733333,34.11233333,57.54743056,45.02821053
APR033,24,MAC,2,2,36.79666667,45.435,57.54743056,21.147
APR033,25,MAC,2,2,42.426,66.582,57.54743056,21.147
APR033,51,MAC,5,2,94.34409722,58.87859649,57.54743056,45.02821053
APR033,31,MAC,3,3,87.21631944,55.39894737,33.53098611,7.012280702
APR033,34,MAC,3,3,53.68533333,47.60633333,33.53098611,30.87433333
APR033,33,MAC,3,3,85.18333333,48.38666667,33.53098611,7.012280702
APR033,32,MAC,3,3,77.526,52.33733333,33.53098611,7.012280702
APR033,35,MAC,3,3,61.874,78.48066667,33.53098611,30.87433333
APR034,11,MAC,1,1,58.39895833,25.28561404,36.06170833,39.68638596
APR034,13,MAC,1,1,74.80133333,31.54033333,36.06170833,39.68638596
APR034,12,MAC,1,1,94.46066667,64.972,36.06170833,39.68638596
APR034,22,MAC,2,2,79.11266667,29.636,0,0
APR034,31,MAC,3,3,58.43784722,20.47649123,37.00509722,25.28887719
APR034,61,MAC,6,3,50.38090278,19.38245614,37.00509722,25.28887719
APR034,32,MAC,3,3,87.386,44.67133333,37.00509722,25.28887719
APR037,11,MAC,1,1,25.72222222,24.66842105,2.880888889,0.667087719
APR037,12,MAC,1,1,22.84133333,24.00133333,2.880888889,0.667087719
APR037,22,MAC,2,2,94.676,51.35066667,18.754125,14.78540351
APR037,21,MAC,2,2,75.921875,36.56526316,18.754125,14.78540351
APR037,31,MAC,3,3,40.18402778,21.44631579,55.39330556,25.14101754
APR037,32,MAC,3,3,95.57733333,46.58733333,55.39330556,25.14101754
APR037,42,MAC,7,7,96.784,56.91,0,0
APR039,11,MAC,1,1,65.27986111,27.67824561,25.84413889,20.10108772
APR039,13,MAC,1,1,76.60033333,47.77933333,25.84413889,20.10108772
APR039,12,MAC,1,1,91.124,46.04866667,25.84413889,20.10108772
APR039,21,MAC,2,2,45.05173611,25.17087719,46.17026389,27.52912281
APR039,22,MAC,2,2,91.222,52.7,46.17026389,27.52912281
APR039,23,MAC,2,2,72.97833333,31.34466667,46.17026389,27.52912281
APR039,31,MAC,3,3,74.04444444,31.77649123,25.41166667,24.35484211
APR039,32,MAC,3,3,96.81,56.13133333,25.41166667,24.35484211
APR039,33,MAC,3,3,71.39833333,36.74,25.41166667,24.35484211
APR041,11,MAC,1,1,60.13368056,22.40877193,0,0
APR041,21,MAC,2,2,52.17222222,21.39754386,0,0
APR041,31,MAC,3,3,28.81284722,15.74315789,0,0
APR042,11,MAC,1,1,66.053125,41.03824561,14.11366667,10.36366667
APR042,12,MAC,1,1,60.888,47.59466667,14.11366667,10.36366667
APR042,13,MAC,1,1,75.00166667,37.231,14.11366667,10.36366667
APR042,21,MAC,2,2,32.55902778,18.7754386,12.46436111,3.37522807
APR042,22,MAC,2,2,20.09466667,22.15066667,12.46436111,3.37522807
APR042,31,MAC,3,3,50.33402778,24.10666667,6.444638889,8.974666667
APR042,32,MAC,3,3,56.77866667,33.08133333,6.444638889,8.974666667
APR043,11,MAC,1,1,31.95173611,23.29754386,10.35093056,2.022789474
APR043,13,MAC,1,1,42.30266667,25.32033333,10.35093056,2.022789474
APR043,21,MAC,2,2,62.315625,33.63684211,18.85029167,7.508666667
APR043,22,MAC,2,2,43.46533333,39.90333333,18.85029167,7.508666667
APR043,23,MAC,2,2,48.383,32.39466667,18.85029167,7.508666667
APR043,31,MAC,3,3,93.61493056,39.57614035,2.519597222,9.124473684
APR043,33,MAC,3,3,91.09533333,30.45166667,2.519597222,9.124473684
APR044,12,MAC,1,1,56.45933333,43.568,22.467,22.5957193
APR044,11,MAC,1,1,46.21805556,20.9722807,22.467,22.5957193
APR044,13,MAC,1,1,33.99233333,21.45933333,22.467,22.5957193
APR044,22,MAC,2,2,86.58933333,43.42466667,9.695236111,11.51519298
APR044,21,MAC,2,2,76.89409722,31.90947368,9.695236111,11.51519298
APR044,23,MAC,2,2,81.57266667,37.07933333,9.695236111,11.51519298
APR044,31,MAC,3,3,70.85590278,39.32877193,11.88933333,7.789438596
APR044,32,MAC,3,3,63.216,31.53933333,11.88933333,7.789438596
APR044,33,MAC,3,3,75.10533333,36.56766667,11.88933333,7.789438596
APR045,11,MAC,1,1,75.56979167,34.17438596,49.748,24.9572807
APR045,12,MAC,1,1,91.68666667,58.07733333,49.748,24.9572807
APR045,13,MAC,1,1,95.27633333,59.13166667,49.748,24.9572807
APR045,14,MAC,1,1,45.52833333,48.51466667,49.748,12.611
APR045,15,MAC,1,1,59.982,61.12566667,49.748,12.611
APR045,21,MAC,2,2,85.77326389,34.9754386,29.96666667,40.45533333
APR045,22,MAC,2,2,95.92933333,62.84133333,29.96666667,40.45533333
APR045,23,MAC,2,2,65.96266667,22.386,29.96666667,40.45533333
APR045,24,MAC,2,2,80.55533333,78.41366667,29.96666667,2.994
APR045,25,MAC,2,2,79.42033333,75.41966667,29.96666667,2.994
APR045,31,MAC,3,3,61.96770833,24.99719298,60.76733333,54.02880702
APR045,32,MAC,3,3,97.566,79.026,60.76733333,54.02880702
APR045,33,MAC,3,3,95.21733333,48.95766667,60.76733333,54.02880702
APR045,34,MAC,3,3,36.79866667,50.14566667,60.76733333,22.00866667
APR045,35,MAC,3,3,55.84433333,72.15433333,60.76733333,22.00866667
APR046,11,MAC,1,1,54.77673611,37.08350877,4.476736111,4.633157895
APR046,12,MAC,1,1,50.3,41.71666667,4.476736111,4.633157895
APR046,21,MAC,2,2,24.19930556,16.10982456,58.96869444,23.23550877
APR046,22,MAC,2,2,83.168,39.34533333,58.96869444,23.23550877
APR046,32,MAC,3,3,91.976,62.07266667,62.05655556,35.25091228
APR046,33,MAC,3,3,39.95033333,28.03766667,62.05655556,35.25091228
APR046,31,MAC,3,3,29.91944444,26.82175439,62.05655556,35.25091228
APR047,12,MAC,1,1,86.18533333,51.48533333,28.29833333,22.50842105
APR047,11,MAC,1,1,59.259375,59.96175439,28.29833333,22.50842105
APR047,13,MAC,1,1,57.887,37.45333333,28.29833333,22.50842105
APR047,22,MAC,2,2,74.81866667,41.34666667,70.64331944,35.83368421
APR047,21,MAC,2,2,4.175347222,5.512982456,70.64331944,35.83368421
APR047,23,MAC,2,2,29.66333333,12.48233333,70.64331944,35.83368421
APR047,31,MAC,3,3,50.52743056,43.62105263,35.83,11.9007193
APR047,32,MAC,3,3,81.71466667,31.86733333,35.83,11.9007193
APR047,33,MAC,3,3,45.88466667,31.72033333,35.83,11.9007193
APR048,14,MAC,1,1,31.41833333,31.96666667,90.38997222,4.054666667
APR048,11,MAC,1,1,96.26597222,44.8354386,90.38997222,5.894561404
APR048,16,MAC,1,1,5.876,27.912,90.38997222,4.054666667
APR048,15,MAC,1,1,31.96466667,31.85766667,90.38997222,4.054666667
APR048,12,MAC,1,1,94.79866667,50.73,90.38997222,5.894561404
APR048,25,MAC,2,2,14.00333333,20.516,87.35933333,6.255333333
APR048,26,MAC,2,2,6.682666667,26.77133333,87.35933333,6.255333333
APR048,21,MAC,2,2,93.24866667,55.465,87.35933333,13.07033333
APR048,22,MAC,2,2,64.59666667,42.39466667,87.35933333,13.07033333
APR048,23,MAC,2,2,94.042,54.64133333,87.35933333,13.07033333
APR048,24,MAC,2,2,18.97533333,22.392,87.35933333,6.255333333
APR048,32,MAC,3,3,76.168,50.20466667,63.658,0
APR048,36,MAC,3,3,12.51,34.438,63.658,5.294666667
APR048,35,MAC,3,3,25.38666667,29.14333333,63.658,5.294666667
APR048,34,MAC,3,3,21.60166667,32.79066667,63.658,5.294666667
APR049,12,MAC,1,1,8.893333333,11.17933333,29.07541667,11.214
APR053,33,MAC,3,3,21.918,14.26666667,4.285013889,1.638245614
APR055,12,MAC,1,1,96.24666667,64.69533333,12.28173611,31.45533333
APR055,21,MAC,2,2,70.91041667,31.41087719,18.25166667,21.44
APR055,22,MAC,2,2,71.05533333,45.512,18.25166667,21.44
APR055,23,MAC,2,2,52.80366667,24.072,18.25166667,21.44
APR055,33,MAC,3,3,61.967,36.59533333,29.84766667,34.28866667
APR055,31,MAC,3,3,69.003125,42.26807018,29.84766667,34.28866667
APR055,32,MAC,3,3,91.81466667,70.884,29.84766667,34.28866667
APR055,41,MAC,7,7,97.49965278,66.41192982,0,0
APR056,13,MAC,1,1,63.90066667,38.17,61.88566667,12.62614035
APR056,16,MAC,1,1,48.56866667,59.66133333,61.88566667,10.407
APR056,14,MAC,1,1,30.946,52.93533333,61.88566667,10.407
APR056,11,MAC,1,1,89.925,50.79614035,61.88566667,12.62614035
APR056,15,MAC,1,1,28.03933333,49.25433333,61.88566667,10.407
APR056,12,MAC,1,1,76.018,43.996,61.88566667,12.62614035
APR056,23,MAC,2,2,60.367,32.54466667,70.07566667,13.17533333
APR056,21,MAC,2,2,69.75451389,37.39824561,70.07566667,13.17533333
APR056,24,MAC,2,2,6.212333333,27.14733333,70.07566667,25.77
APR056,25,MAC,2,2,18.33866667,52.91733333,70.07566667,25.77
APR056,52,MAC,5,2,76.288,45.72,70.07566667,13.17533333
APR056,22,MAC,2,2,63.95533333,43.72,70.07566667,13.17533333
APR056,32,MAC,3,3,57.73933333,37.68,55.16852778,0.971719298
APR056,31,MAC,3,3,69.36319444,37.93438596,55.16852778,0.971719298
APR056,33,MAC,3,3,53.261,36.96266667,55.16852778,0.971719298
APR056,64,MAC,6,3,16.20133333,40.22,55.16852778,1.682666667
APR056,65,MAC,6,3,14.19466667,41.90266667,55.16852778,1.682666667
APR056,41,MAC,7,7,40.28576389,24.56912281,0,0
APR057,11,MAC,1,1,64.53402778,45.69192982,24.93169444,21.75859649
APR057,13,MAC,1,1,39.60233333,23.93333333,24.93169444,21.75859649
APR057,12,MAC,1,1,63.868,43.68,24.93169444,21.75859649
APR057,21,MAC,2,2,75.65451389,54.71263158,8.816513889,12.52729825
APR057,22,MAC,2,2,66.838,42.18533333,8.816513889,12.52729825
APR057,32,MAC,3,3,44.79266667,30.03866667,29.15377778,20.38498246
APR057,31,MAC,3,3,15.63888889,9.653684211,29.15377778,20.38498246
APR060,12,MAC,1,1,97.714,54.74866667,87.73466667,36.88831579
APR060,13,MAC,1,1,77.81833333,38.46166667,87.73466667,36.88831579
APR060,11,MAC,1,1,27.99097222,17.86035088,87.73466667,36.88831579
APR060,15,MAC,1,1,24.52333333,39.21333333,87.73466667,21.28233333
APR060,14,MAC,1,1,9.979333333,17.931,87.73466667,21.28233333
APR060,22,MAC,2,2,97.57933333,53.88266667,92.95666667,28.49833333
APR060,21,MAC,2,2,92.83125,50.01649123,92.95666667,28.49833333
APR060,23,MAC,2,2,52.21433333,25.38433333,92.95666667,28.49833333
APR060,24,MAC,2,2,47.39733333,54.62866667,92.95666667,74.40333333
APR060,25,MAC,2,2,73.786,87.91866667,92.95666667,74.40333333
APR060,54,MAC,5,2,4.622666667,13.51533333,92.95666667,74.40333333
APR060,55,MAC,5,2,6.212,22.34266667,92.95666667,74.40333333
APR060,33,MAC,3,3,60.66366667,31.232,81.73866667,28.99635088
APR060,31,MAC,3,3,56.55138889,29.99964912,81.73866667,28.99635088
APR060,64,MAC,6,3,4.43,13.723,81.73866667,10.121
APR060,32,MAC,3,3,86.16866667,58.996,81.73866667,28.99635088
APR060,65,MAC,6,3,6.253333333,23.844,81.73866667,10.121
APR060,41,MAC,7,7,61.58958333,27.92982456,13.04091667,1.744842105
APR060,42,MAC,7,7,48.54866667,29.67466667,13.04091667,1.744842105
APR061,13,MAC,1,1,85.28233333,39.42333333,18.07336111,13.34996491
APR061,15,MAC,1,1,79.87266667,93.78466667,18.07336111,32.64533333
APR061,11,MAC,1,1,91.70069444,46.23929825,18.07336111,13.34996491
APR061,12,MAC,1,1,73.62733333,32.88933333,18.07336111,13.34996491
APR061,14,MAC,1,1,76.109,61.13933333,18.07336111,32.64533333
APR061,25,MAC,2,2,23.584,44.442,68.65933333,16.56866667
APR061,24,MAC,2,2,26.87366667,27.87333333,68.65933333,16.56866667
APR061,23,MAC,2,2,44.17733333,22.439,68.65933333,44.67638596
APR061,22,MAC,2,2,92.24333333,64.30866667,68.65933333,44.67638596
APR061,21,MAC,2,2,37.31388889,19.6322807,68.65933333,44.67638596
APR061,33,MAC,3,3,69.367,25.89866667,53.12566667,28.41
APR061,34,MAC,3,3,35.03833333,37.29633333,53.12566667,15.44633333
APR061,35,MAC,3,3,48.076,52.74266667,53.12566667,15.44633333
APR061,32,MAC,3,3,88.164,54.30866667,53.12566667,28.41
APR061,31,MAC,3,3,76.69791667,28.89017544,53.12566667,28.41
APR062,15,MAC,1,1,24.95833333,46.19633333,71.211,3.986333333
APR062,11,MAC,1,1,57.75555556,23.77473684,71.211,36.98126316
APR062,12,MAC,1,1,95.65466667,60.756,71.211,36.98126316
APR062,14,MAC,1,1,24.44366667,50.18266667,71.211,3.986333333
APR062,21,MAC,2,2,64.79756944,36.5445614,48.12433333,25.34666667
APR062,52,MAC,5,2,82.27733333,47.504,48.12433333,25.34666667
APR062,51,MAC,5,2,86.95833333,39.50526316,48.12433333,25.34666667
APR062,23,MAC,2,2,49.22333333,22.15733333,48.12433333,25.34666667
APR062,22,MAC,2,2,38.834,30.73133333,48.12433333,25.34666667
APR062,33,MAC,3,3,83.73766667,35.57933333,29.08595833,31.82866667
APR062,62,MAC,6,3,71.52133333,57.718,29.08595833,31.82866667
APR062,32,MAC,3,3,54.80466667,25.88933333,29.08595833,31.82866667
APR062,31,MAC,3,3,83.890625,40.57298246,29.08595833,31.82866667
APR062,42,MAC,7,7,74.45666667,45.78066667,0,0
APR062,82,MAC,8,8,36.98333333,22.42933333,0,0
APR065,12,MAC,1,1,67.576,43.21,56.83791667,29.95333333
APR065,13,MAC,1,1,23.02666667,13.25666667,56.83791667,29.95333333
APR065,11,MAC,1,1,79.86458333,37.49438596,56.83791667,29.95333333
APR065,21,MAC,2,2,71.92777778,46.27649123,29.30966667,24.88633333
APR065,23,MAC,2,2,61.85033333,40.10966667,29.30966667,24.88633333
APR065,22,MAC,2,2,91.16,64.996,29.30966667,24.88633333
APR065,31,MAC,3,3,72.26979167,39.61122807,41.857125,19.88022807
APR065,33,MAC,3,3,64.04,19.731,41.857125,19.88022807
APR065,32,MAC,3,3,30.41266667,20.332,41.857125,19.88022807
APR066,11,MAC,1,1,38.99027778,36.20842105,30.14772222,19.63957895
APR066,12,MAC,1,1,69.138,55.848,30.14772222,19.63957895
APR066,21,MAC,2,2,70.04583333,20.2154386,18.3185,9.27322807
APR066,22,MAC,2,2,51.72733333,29.48866667,18.3185,9.27322807
APR066,32,MAC,3,3,89.194,72.474,23.21244444,31.31633333
APR066,33,MAC,3,3,66.27366667,41.15766667,23.21244444,31.31633333
APR066,31,MAC,3,3,89.48611111,56.09929825,23.21244444,31.31633333
APR067,11,MAC,1,1,48.96944444,40.89824561,24.26,21.34533333
APR067,13,MAC,1,1,47.40666667,22.00333333,24.26,21.34533333
APR067,12,MAC,1,1,71.66666667,43.34866667,24.26,21.34533333
APR067,21,MAC,2,2,26.40625,20.01719298,27.05308333,8.734807018
APR067,22,MAC,2,2,53.45933333,28.752,27.05308333,8.734807018
APR067,31,MAC,3,3,59.31631944,24.05298246,50.231,29.47101754
APR067,32,MAC,3,3,95.52,53.524,50.231,29.47101754
APR067,33,MAC,3,3,45.289,25.221,50.231,29.47101754
APR067,42,MAC,7,7,94.416,72.30933333,58.85733333,53.793
APR067,43,MAC,7,7,35.55866667,18.51633333,58.85733333,53.793
APR068,11,MAC,1,1,43.40659722,27.04035088,13.13659722,2.685649123
APR068,12,MAC,1,1,30.27,29.726,13.13659722,2.685649123
APR068,22,MAC,2,2,62.41066667,45.99933333,10.18080556,2.068385965
APR068,21,MAC,2,2,52.22986111,48.0677193,10.18080556,2.068385965
APR068,32,MAC,3,3,85.53466667,67.04,16.23154167,24.61403509
APR068,31,MAC,3,3,69.303125,42.42596491,16.23154167,24.61403509
APR068,33,MAC,3,3,74.58166667,49.942,16.23154167,24.61403509
APR069,41,MAC,4,1,97.26458333,58.75508772,52.35225,40.94442105
APR069,11,MAC,1,1,86.67673611,26.24315789,52.35225,40.94442105
APR069,12,MAC,1,1,91.856,36.27666667,52.35225,40.94442105
APR069,15,MAC,1,1,53.60466667,58.90366667,52.35225,5.663
APR069,13,MAC,1,1,60.51333333,17.81066667,52.35225,40.94442105
APR069,14,MAC,1,1,44.91233333,53.24066667,52.35225,5.663
APR069,23,MAC,2,2,97.61633333,45.46866667,11.60984722,31.82010526
APR069,21,MAC,2,2,86.79548611,28.93122807,11.60984722,31.82010526
APR069,22,MAC,2,2,98.40533333,60.75133333,11.60984722,31.82010526
APR069,63,MAC,6,3,88.954,41.64533333,18.18366667,42.13733333
APR069,61,MAC,6,3,94.53541667,59.3922807,18.18366667,42.13733333
APR069,33,MAC,3,3,79.21433333,20.734,18.18366667,42.13733333
APR069,32,MAC,3,3,97.398,62.87133333,18.18366667,42.13733333
APR069,31,MAC,3,3,84.41041667,27.53964912,18.18366667,42.13733333
APR069,73,MAC,7,7,84.0265,34.14333333,15.1415,38.64733333
APR069,42,MAC,7,7,99.168,72.79066667,15.1415,38.64733333
APR071,11,MAC,1,1,31.81180556,16.59122807,1.640472222,1.822105263
APR071,12,MAC,1,1,30.17133333,18.41333333,1.640472222,1.822105263
APR071,23,MAC,2,2,74.18766667,34.95333333,6.701,5.106666667
APR071,22,MAC,2,2,80.88866667,39.764,6.701,5.106666667
APR071,21,MAC,2,2,75.196875,40.06,6.701,5.106666667
APR071,32,MAC,3,3,84.872,39.60333333,20.79144444,5.685087719
APR071,31,MAC,3,3,64.08055556,33.91824561,20.79144444,5.685087719
APR075,13,MAC,1,1,24.87366667,23.54333333,59.47366667,39.46466667
APR075,12,MAC,1,1,84.34733333,63.008,59.47366667,39.46466667
APR075,22,MAC,2,2,85.48266667,44.282,51.30566667,30.23866667
APR075,23,MAC,2,2,34.177,14.04333333,51.30566667,30.23866667
APR075,33,MAC,3,3,41.70966667,29.059,13.95233333,8.521666667
APR075,32,MAC,3,3,55.662,37.58066667,13.95233333,8.521666667
APR077,41,MAC,4,1,97.79201389,52.29754386,8.498333333,27.75733333
APR077,13,MAC,1,1,99.14166667,57.22866667,8.498333333,27.75733333
APR077,12,MAC,1,1,90.64333333,29.47133333,8.498333333,27.75733333
APR077,11,MAC,1,1,98.425,55.93017544,8.498333333,27.75733333
APR077,42,MAC,4,1,96.084,52.43866667,8.498333333,27.75733333
APR077,55,MAC,5,2,39.41133333,58.412,60.90866667,2.149666667
APR077,21,MAC,2,2,92.37673611,47.15333333,60.90866667,8.683
APR077,23,MAC,2,2,91.507,40.02166667,60.90866667,8.683
APR077,22,MAC,2,2,94.84666667,48.70466667,60.90866667,8.683
APR077,54,MAC,5,2,43.85466667,59.11766667,60.90866667,2.149666667
APR077,52,MAC,5,2,96.99133333,46.47266667,60.90866667,8.683
APR077,25,MAC,2,2,36.08266667,56.968,60.90866667,2.149666667
APR077,24,MAC,2,2,45.83766667,58.49966667,60.90866667,2.149666667
APR077,32,MAC,3,3,98.888,44.788,2.075333333,13.72961404
APR077,31,MAC,3,3,98.30590278,56.25122807,2.075333333,13.72961404
APR077,61,MAC,6,3,98.22569444,57.63894737,2.075333333,13.72961404
APR077,62,MAC,6,3,96.81266667,43.90933333,2.075333333,13.72961404
APR078,13,MAC,1,1,38.00066667,13.48133333,45.46466667,36.584
APR078,15,MAC,1,1,53.40333333,68.17133333,45.46466667,6.350666667
APR078,14,MAC,1,1,55.08166667,74.522,45.46466667,6.350666667
APR078,12,MAC,1,1,83.46533333,50.06533333,45.46466667,36.584
APR078,11,MAC,1,1,54.17430556,23.43157895,45.46466667,36.584
APR078,21,MAC,2,2,88.47847222,35.40596491,61.08313889,10.31663158
APR078,25,MAC,2,2,34.32566667,40.48766667,61.08313889,14.10933333
APR078,24,MAC,2,2,27.39533333,26.37833333,61.08313889,14.10933333
APR078,23,MAC,2,2,83.962,28.98666667,61.08313889,10.31663158
APR078,22,MAC,2,2,61.25066667,25.08933333,61.08313889,10.31663158
APR078,34,MAC,3,3,26.123,34.59766667,62.79933333,8.800666667
APR078,31,MAC,3,3,52.59444444,29.33157895,62.79933333,20.93433333
APR078,32,MAC,3,3,81.73066667,47.11666667,62.79933333,20.93433333
APR078,33,MAC,3,3,52.66033333,26.18233333,62.79933333,20.93433333
APR078,35,MAC,3,3,18.93133333,25.797,62.79933333,8.800666667
APR078,43,MAC,7,7,56.99466667,30.253,18.196,11.67633333
APR078,42,MAC,7,7,38.79866667,18.57666667,18.196,11.67633333
APR080,11,MAC,1,1,61.83368056,24.71614035,32.33365278,39.00985965
APR080,12,MAC,1,1,94.16733333,63.726,32.33365278,39.00985965
APR080,23,MAC,2,2,39.259,18.66633333,29.117,24.43633333
APR080,22,MAC,2,2,68.376,43.10266667,29.117,24.43633333
APR080,21,MAC,2,2,65.05104167,29.61929825,29.117,24.43633333
APR080,31,MAC,3,3,80.80590278,53.12947368,2.584569444,23.37266667
APR080,33,MAC,3,3,80.448,38.84933333,2.584569444,23.37266667
APR080,32,MAC,3,3,78.22133333,62.222,2.584569444,23.37266667
APR080,42,MAC,7,7,97.198,62.99466667,13.06188889,34.71887719
APR080,41,MAC,7,7,84.13611111,28.27578947,13.06188889,34.71887719
APR080,82,MAC,8,8,93.12866667,45.376,0,0
APR082,11,MAC,1,1,84.771875,42.94947368,66.985875,25.69280702
APR082,12,MAC,1,1,17.786,17.25666667,66.985875,25.69280702
APR082,13,MAC,1,1,47.107,21.77933333,66.985875,25.69280702
APR082,21,MAC,2,2,63.653125,44.08070175,6.372333333,10.01666667
APR082,23,MAC,2,2,63.967,36.82133333,6.372333333,10.01666667
APR082,22,MAC,2,2,57.59466667,46.838,6.372333333,10.01666667
APR082,31,MAC,3,3,54.68506944,39.62280702,19.70693056,13.41466667
APR082,32,MAC,3,3,74.392,49.04866667,19.70693056,13.41466667
APR082,33,MAC,3,3,59.21766667,35.634,19.70693056,13.41466667
APR083,12,MAC,1,1,48.10866667,27.42,0,0
APR083,22,MAC,2,2,42.57266667,27.90533333,0,0
APR083,32,MAC,3,3,85.42466667,45.74133333,0,0
APR091,11,MAC,1,1,51.49618056,27.92807018,0,0
APR091,23,MAC,2,2,71.184,37.03666667,8.774972222,0.304736842
APR091,21,MAC,2,2,62.40902778,36.73192982,8.774972222,0.304736842
APR091,31,MAC,3,3,61.00902778,25.84912281,0,0
APR092,13,MAC,1,1,42.367,25.10633333,6.171541667,14.25435088
APR092,11,MAC,1,1,40.56979167,21.56631579,6.171541667,14.25435088
APR092,12,MAC,1,1,46.74133333,35.82066667,6.171541667,14.25435088
APR092,22,MAC,2,2,61.298,48.72133333,15.91331944,16.35010526
APR092,21,MAC,2,2,51.27534722,32.37122807,15.91331944,16.35010526
APR092,23,MAC,2,2,67.18866667,36.454,15.91331944,16.35010526
APR092,33,MAC,3,3,78.57733333,42.343,28.85719444,22.46736842
APR092,31,MAC,3,3,49.72013889,23.12596491,28.85719444,22.46736842
APR092,32,MAC,3,3,69.13,45.59333333,28.85719444,22.46736842
APR093,13,MAC,1,1,71.79366667,37.705,3.247,4.282666667
APR093,11,MAC,1,1,71.05902778,34.26666667,3.247,4.282666667
APR093,12,MAC,1,1,68.54666667,38.54933333,3.247,4.282666667
APR093,21,MAC,2,2,86.91423611,46.60421053,7.319333333,12.51554386
APR093,22,MAC,2,2,87.61733333,46.34733333,7.319333333,12.51554386
APR093,23,MAC,2,2,80.298,34.08866667,7.319333333,12.51554386
APR093,34,MAC,3,3,20.437,53.257,33.689,14.79633333
APR093,35,MAC,3,3,39.192,68.05333333,33.689,14.79633333
APR093,31,MAC,3,3,52.715625,37.11508772,33.689,7.046912281
APR093,32,MAC,3,3,54.126,44.162,33.689,7.046912281
APR094,14,MAC,1,1,46.02266667,63.00133333,50.42033333,21.34133333
APR094,11,MAC,1,1,90.92951389,43.82,50.42033333,21.89266667
APR094,12,MAC,1,1,92.75733333,65.71266667,50.42033333,21.89266667
APR094,15,MAC,1,1,58.63733333,84.34266667,50.42033333,21.34133333
APR094,13,MAC,1,1,96.443,50.203,50.42033333,21.89266667
APR094,25,MAC,2,2,50.11666667,52.983,53.80266667,7.210333333
APR094,24,MAC,2,2,44.85066667,45.77266667,53.80266667,7.210333333
APR094,23,MAC,2,2,97.873,58.505,53.80266667,38.59101754
APR094,22,MAC,2,2,98.65333333,70.17733333,53.80266667,38.59101754
APR094,21,MAC,2,2,88.346875,31.58631579,53.80266667,38.59101754
APR094,33,MAC,3,3,77.57,42.962,64.328,27.02442105
APR094,32,MAC,3,3,83.50733333,59.80266667,64.328,27.02442105
APR094,35,MAC,3,3,39.90533333,54.23133333,64.328,29.93466667
APR094,31,MAC,3,3,62.14895833,32.77824561,64.328,27.02442105
APR094,34,MAC,3,3,19.17933333,24.29666667,64.328,29.93466667
APR096,12,MAC,1,1,73.93533333,44.464,0,0
APR096,22,MAC,2,2,54.96866667,31.66533333,0,0
APR096,32,MAC,3,3,26.99066667,15.692,0,0
APR097,11,MAC,1,1,29.74305556,17.34035088,0,0
APR097,21,MAC,2,2,32.49444444,22.36736842,0,0
APR097,31,MAC,3,3,44.91458333,27.21649123,0,0
APR098,13,MAC,1,1,92.891,43.33,3.697597222,1.493508772
APR098,11,MAC,1,1,89.19340278,44.82350877,3.697597222,1.493508772
APR098,21,MAC,2,2,68.16215278,38.49192982,1.069180556,1.384596491
APR098,23,MAC,2,2,69.23133333,37.10733333,1.069180556,1.384596491
APR098,33,MAC,3,3,81.869,36.76666667,1.320930556,6.847017544
APR098,31,MAC,3,3,83.18993056,43.61368421,1.320930556,6.847017544
APR099,15,MAC,1,1,81.89,68.97366667,46.466,17.25133333
APR099,16,MAC,1,1,37.44133333,55.66933333,46.466,17.25133333
APR099,11,MAC,1,1,66.340625,43.70210526,46.466,14.8314386
APR099,12,MAC,1,1,61.07866667,28.87066667,46.466,14.8314386
APR099,13,MAC,1,1,74.549,41.129,46.466,14.8314386
APR099,14,MAC,1,1,83.90733333,72.92066667,46.466,17.25133333
APR099,25,MAC,2,2,16.23566667,35.657,43.21566667,12.922
APR099,21,MAC,2,2,42.27083333,29.48877193,43.21566667,8.620894737
APR099,23,MAC,2,2,57.75166667,38.10966667,43.21566667,8.620894737
APR099,22,MAC,2,2,59.45133333,37.90533333,43.21566667,8.620894737
APR099,24,MAC,2,2,17.169,22.735,43.21566667,12.922
APR099,34,MAC,3,3,14.35,20.29233333,45.18933333,13.24666667
APR099,35,MAC,3,3,16.78033333,33.539,45.18933333,13.24666667
APR099,32,MAC,3,3,59.53933333,47.59666667,45.18933333,14.94438596
APR099,31,MAC,3,3,49.88090278,32.6522807,45.18933333,14.94438596
APR100,11,MAC,1,1,93.50694444,48.55157895,88.79033333,47.42933333
APR100,54,MAC,4,1,10.209,22.49133333,88.79033333,53.33333333
APR100,15,MAC,1,1,61.376,75.82466667,88.79033333,53.33333333
APR100,12,MAC,1,1,98.99933333,78.30133333,88.79033333,47.42933333
APR100,13,MAC,1,1,73.61766667,30.872,88.79033333,47.42933333
APR100,14,MAC,1,1,37.19433333,43.533,88.79033333,53.33333333
APR100,52,MAC,5,2,97.348,63.984,89.136,47.028
APR100,21,MAC,2,2,65.50868056,30.46982456,89.136,47.028
APR100,22,MAC,2,2,99.11733333,76.11866667,89.136,47.028
APR100,23,MAC,2,2,56.806,29.09066667,89.136,47.028
APR100,51,MAC,5,2,94.41006944,46.19263158,89.136,47.028
APR100,55,MAC,5,2,9.981333333,27.52266667,89.136,0
APR100,74,MAC,6,3,13.58333333,27.636,85.12933333,12.58333333
APR100,31,MAC,3,3,82.490625,43.75754386,85.12933333,34.502
APR100,32,MAC,3,3,14.136,15.51066667,85.12933333,34.502
APR100,33,MAC,3,3,70.742,45.98566667,85.12933333,34.502
APR100,34,MAC,3,3,16.28133333,36.26,85.12933333,12.58333333
APR100,35,MAC,3,3,14.77333333,32.082,85.12933333,12.58333333
APR100,72,MAC,6,3,94.76333333,50.01266667,85.12933333,34.502
APR100,75,MAC,6,3,9.634,23.67666667,85.12933333,12.58333333
APR100,41,MAC,7,7,71.42951389,30.57403509,62.34266667,58.43366667
APR100,43,MAC,7,7,36.07133333,13.80566667,62.34266667,58.43366667
APR100,42,MAC,7,7,98.414,72.23933333,62.34266667,58.43366667
APR100,81,MAC,8,8,88.61701389,43.02105263,3.919680556,6.416385965
APR100,82,MAC,8,8,84.69733333,36.60466667,3.919680556,6.416385965
APR101,11,MAC,1,1,50.42604167,27.54210526,35.40195833,27.82122807
APR101,12,MAC,1,1,85.828,55.36333333,35.40195833,27.82122807
APR101,21,MAC,2,2,74.18888889,41.92491228,8.264583333,21.44340351
APR101,51,MAC,5,2,82.45347222,36.77192982,8.264583333,21.44340351
APR101,22,MAC,2,2,77.348,58.21533333,8.264583333,21.44340351
APR101,31,MAC,3,3,89.75173611,47.61649123,24.20995833,29.36233333
APR101,32,MAC,3,3,91.90066667,53.23333333,24.20995833,29.36233333
APR101,71,MAC,6,3,95.340625,47.08561404,24.20995833,29.36233333
APR101,33,MAC,3,3,71.13066667,23.871,24.20995833,29.36233333
APR101,43,MAC,7,7,67.35066667,40.85133333,21.20533333,21.37638596
APR101,41,MAC,7,7,72.50659722,31.52561404,21.20533333,21.37638596
APR101,42,MAC,7,7,88.556,52.902,21.20533333,21.37638596
APR101,81,MAC,8,8,87.5625,40.68105263,0,0
APR102,11,MAC,1,1,84.90416667,33.6322807,15.85283333,11.99038596
APR102,12,MAC,1,1,69.05133333,45.62266667,15.85283333,11.99038596
APR102,22,MAC,2,2,77.56733333,56.376,3.872944444,22.74442105
APR102,21,MAC,2,2,81.44027778,33.63157895,3.872944444,22.74442105
APR102,31,MAC,3,3,46.63055556,18.7154386,12.05277778,13.25722807
APR102,32,MAC,3,3,58.68333333,31.97266667,12.05277778,13.25722807
APR102,71,MAC,7,7,88.666,43.25750916,0,0
APR104,12,MAC,1,1,74.58866667,33.224,21.22133333,10.41877193
APR104,11,MAC,1,1,68.61006944,35.1954386,21.22133333,10.41877193
APR104,13,MAC,1,1,53.36733333,24.77666667,21.22133333,10.41877193
APR104,22,MAC,2,2,81.79133333,34.22066667,15.94543056,10.53863158
APR104,52,MAC,5,2,73.89866667,37.68533333,15.94543056,10.53863158
APR104,23,MAC,2,2,88.52066667,38.73366667,15.94543056,10.53863158
APR104,21,MAC,2,2,89.84409722,44.75929825,15.94543056,10.53863158
APR104,33,MAC,3,3,55.56733333,41.08966667,20.58259722,13.00366667
APR104,32,MAC,3,3,73.45933333,54.09333333,20.58259722,13.00366667
APR104,31,MAC,3,3,52.87673611,43.19894737,20.58259722,13.00366667
APR105,11,MAC,1,1,52.31701389,38.72280702,29.53866667,13.38333333
APR105,13,MAC,1,1,46.82933333,34.48933333,29.53866667,13.38333333
APR105,12,MAC,1,1,76.368,47.87266667,29.53866667,13.38333333
APR105,22,MAC,2,2,97.398,64.48866667,13.87056944,20.74515789
APR105,23,MAC,2,2,92.47133333,52.8,13.87056944,20.74515789
APR105,21,MAC,2,2,83.52743056,43.74350877,13.87056944,20.74515789
APR105,32,MAC,3,3,68.65933333,24.77333333,57.96940278,13.95368421
APR105,31,MAC,3,3,10.68993056,10.81964912,57.96940278,13.95368421
APR107,11,MAC,1,1,77.290625,42.37894737,17.12266667,10.96866667
APR107,42,MAC,4,1,71.43866667,39.212,17.12266667,10.96866667
APR107,12,MAC,1,1,74.468,47.64066667,17.12266667,10.96866667
APR107,13,MAC,1,1,88.56133333,50.18066667,17.12266667,10.96866667
APR107,22,MAC,2,2,82.22666667,51.28733333,1.666388889,1.661719298
APR107,21,MAC,2,2,83.89305556,49.62561404,1.666388889,1.661719298
APR107,31,MAC,3,3,70.98298611,38.64596491,0.795013889,4.899964912
APR107,32,MAC,3,3,71.778,33.746,0.795013889,4.899964912
APR111,15,MAC,1,1,10.51766667,24.97833333,82.514,8.619333333
APR111,14,MAC,1,1,5.239,16.359,82.514,8.619333333
APR111,12,MAC,1,1,85.71,48.38666667,82.514,18.18807018
APR111,11,MAC,1,1,34.78263889,30.19859649,82.514,18.18807018
APR111,16,MAC,1,1,3.196,22.126,82.514,8.619333333
APR111,25,MAC,2,2,36.72766667,44.73666667,86.62066667,15.51733333
APR111,23,MAC,2,2,46.37777778,33.83777778,86.62066667,44.17088889
APR111,22,MAC,2,2,99.452,78.00866667,86.62066667,44.17088889
APR111,26,MAC,2,2,12.83133333,31.86266667,86.62066667,15.51733333
APR111,24,MAC,2,2,37.32166667,47.38,86.62066667,15.51733333
APR111,32,MAC,3,3,91.61066667,54.64,81.95333333,26.18766667
APR111,36,MAC,3,3,9.657333333,29.568,81.95333333,5.997666667
APR111,35,MAC,3,3,14.392,23.57033333,81.95333333,5.997666667
APR111,34,MAC,3,3,15.06333333,28.17333333,81.95333333,5.997666667
APR111,33,MAC,3,3,45.81966667,28.45233333,81.95333333,26.18766667
APR116,11,MAC,1,1,38.58506944,22.60140351,10.83233333,9.843
APR116,12,MAC,1,1,47.576,30.568,10.83233333,9.843
APR116,13,MAC,1,1,36.74366667,20.725,10.83233333,9.843
APR116,24,MAC,2,2,71.201,76.562,47.61266667,35.721
APR116,55,MAC,5,2,61.53133333,87.08466667,47.61266667,35.721
APR116,54,MAC,5,2,47.752,62.045,47.61266667,35.721
APR116,25,MAC,2,2,83.518,97.766,47.61266667,35.721
APR116,23,MAC,2,2,95.36466667,63.09766667,47.61266667,32.85564912
APR116,22,MAC,2,2,90.86733333,77.696,47.61266667,32.85564912
APR116,21,MAC,2,2,82.03923611,44.84035088,47.61266667,32.85564912
APR116,32,MAC,3,3,50.84866667,27.024,14.602375,2.336701754
APR116,31,MAC,3,3,65.45104167,29.36070175,14.602375,2.336701754
APR117,12,MAC,1,1,95.85133333,64.72266667,60.73258333,44.6714386
APR117,11,MAC,1,1,35.11875,20.05122807,60.73258333,44.6714386
APR117,22,MAC,2,2,82.27733333,46.00666667,41.583,17.753
APR117,21,MAC,2,2,69.459375,44.93894737,41.583,17.753
APR117,23,MAC,2,2,40.69433333,28.25366667,41.583,17.753
APR117,31,MAC,3,3,54.64583333,28.97894737,9.213166667,0.763052632
APR117,32,MAC,3,3,45.43266667,29.742,9.213166667,0.763052632
APR119,13,MAC,1,1,76.54533333,43.98733333,15.91266667,6.557052632
APR119,11,MAC,1,1,71.946875,37.64561404,15.91266667,6.557052632
APR119,12,MAC,1,1,60.63266667,44.20266667,15.91266667,6.557052632
APR119,22,MAC,2,2,74.57666667,48.77533333,8.3225,10.67357895
APR119,21,MAC,2,2,66.25416667,38.10175439,8.3225,10.67357895
APR119,32,MAC,3,3,85.59,48.42466667,17.82229167,23.722
APR119,31,MAC,3,3,67.76770833,25.74421053,17.82229167,23.722
APR119,33,MAC,3,3,73.26966667,24.70266667,17.82229167,23.722
APR119,42,MAC,7,7,72.91,43.86,15.18833333,9.254202899
APR119,43,MAC,7,7,88.09833333,34.80433333,15.18833333,9.254202899
APR119,41,MAC,7,7,78.72916667,34.6057971,15.18833333,9.254202899
APR119,81,MAC,8,8,94.15972222,54.66050725,0,0
APR123,12,MAC,1,1,95.244,56.45333333,15.11333333,40.17408772
APR123,13,MAC,1,1,80.13066667,16.86766667,15.11333333,40.17408772
APR123,11,MAC,1,1,94.534375,57.04175439,15.11333333,40.17408772
APR123,54,MAC,5,2,18.176,35.76,35.55133333,33.674
APR123,25,MAC,2,2,53.72733333,69.434,35.55133333,33.674
APR123,24,MAC,2,2,50.06,65.81366667,35.55133333,33.674
APR123,21,MAC,2,2,39.13854167,24.48526316,35.55133333,2.476596491
APR123,55,MAC,5,2,28.09033333,48.272,35.55133333,33.674
APR123,23,MAC,2,2,43.25966667,22.00866667,35.55133333,2.476596491
APR123,31,MAC,3,3,71.54791667,28.91157895,33.21425,12.29824561
APR123,33,MAC,3,3,38.33366667,16.61333333,33.21425,12.29824561
APR123,111,Easy-MAC,11,11,35.62326389,23.68280702,0,0
APR123,121,Easy-MAC,12,12,52.42256944,36.78140351,0,0
APR125,43,MAC,4,1,73.93566667,29.305,24.47566667,56.709
APR125,41,MAC,4,1,98.03819444,54.3677193,24.47566667,56.709
APR125,11,MAC,1,1,94.11944444,58.81298246,24.47566667,56.709
APR125,12,MAC,1,1,98.41133333,86.014,24.47566667,56.709
APR125,13,MAC,1,1,98.10566667,48.805,24.47566667,56.709
APR125,52,MAC,5,2,56.612,24.798,93.413,63.73368421
APR125,53,MAC,5,2,98.17633333,60.57,93.413,63.73368421
APR125,51,MAC,5,2,97.37013889,69.56280702,93.413,63.73368421
APR125,23,MAC,2,2,4.763333333,6.163666667,93.413,63.73368421
APR125,21,MAC,2,2,7.637847222,5.829122807,93.413,63.73368421
APR125,22,MAC,2,2,22.26866667,29.49133333,93.413,63.73368421
APR125,31,MAC,3,3,46.69930556,30.46140351,29.90469444,7.289929825
APR125,32,MAC,3,3,76.604,37.75133333,29.90469444,7.289929825
APR126,13,MAC,1,1,21.88366667,23.43566667,19.68633333,7.627964912
APR126,11,MAC,1,1,24.36631944,22.92070175,19.68633333,7.627964912
APR126,12,MAC,1,1,41.57,30.54866667,19.68633333,7.627964912
APR126,26,MAC,2,2,17.44,37.72066667,78.95533333,27.882
APR126,24,MAC,2,2,38.01766667,64.94433333,78.95533333,27.882
APR126,23,MAC,2,2,83.11733333,49.38366667,78.95533333,9.835
APR126,22,MAC,2,2,96.39533333,59.21866667,78.95533333,9.835
APR126,21,MAC,2,2,90.334375,56.03192982,78.95533333,9.835
APR126,25,MAC,2,2,46.78233333,65.60266667,78.95533333,27.882
APR126,36,MAC,3,3,53.756,80.25533333,36.58733333,23.367
APR126,34,MAC,3,3,40.71066667,56.88833333,36.58733333,23.367
APR126,33,MAC,3,3,58.09733333,39.19466667,36.58733333,22.68880702
APR126,32,MAC,3,3,77.298,51.226,36.58733333,22.68880702
APR126,31,MAC,3,3,46.40173611,28.53719298,36.58733333,22.68880702
APR126,35,MAC,3,3,48.22466667,68.861,36.58733333,23.367
APR127,11,MAC,1,1,55.18958333,35.17964912,21.83066667,4.526333333
APR127,12,MAC,1,1,72.924,35.27266667,21.83066667,4.526333333
APR127,13,MAC,1,1,51.09333333,30.74633333,21.83066667,4.526333333
APR127,23,MAC,2,2,60.943,24.338,14.63566667,24.436
APR127,21,MAC,2,2,59.30833333,28.78877193,14.63566667,24.436
APR127,22,MAC,2,2,73.944,48.774,14.63566667,24.436
APR127,31,MAC,3,3,38.55729167,32.82631579,5.436625,17.95598246
APR127,33,MAC,3,3,33.34966667,14.87033333,5.436625,17.95598246
APR127,32,MAC,3,3,33.12066667,27.50066667,5.436625,17.95598246
APR129,12,MAC,1,1,85.84,58.568,7.106,7.529666667
APR129,11,MAC,1,1,91.12916667,54.60421053,7.106,7.529666667
APR129,13,MAC,1,1,92.946,51.03833333,7.106,7.529666667
APR129,22,MAC,2,2,81.298,33.09133333,47.96397222,17.28221053
APR129,21,MAC,2,2,33.33402778,15.80912281,47.96397222,17.28221053
APR129,32,MAC,3,3,79.77466667,50.634,2.527791667,8.741017544
APR129,31,MAC,3,3,77.246875,41.89298246,2.527791667,8.741017544
APR130,13,MAC,1,1,92.92466667,59.47666667,7.551333333,20.56694737
APR130,12,MAC,1,1,85.37333333,64.84133333,7.551333333,20.56694737
APR130,11,MAC,1,1,89.91770833,44.27438596,7.551333333,20.56694737
APR130,54,MAC,5,2,35.17333333,52.955,59.12466667,25.38033333
APR130,23,MAC,2,2,86.887,52.79566667,59.12466667,15.47766667
APR130,21,MAC,2,2,87.79479167,55.56280702,59.12466667,15.47766667
APR130,55,MAC,5,2,28.93333333,57.22333333,59.12466667,25.38033333
APR130,25,MAC,2,2,55.57933333,78.33533333,59.12466667,25.38033333
APR130,22,MAC,2,2,88.058,68.27333333,59.12466667,15.47766667
APR130,24,MAC,2,2,60.03666667,75.438,59.12466667,25.38033333
APR130,31,MAC,3,3,87.71388889,52.07368421,22.932,21.531
APR130,32,MAC,3,3,93.61466667,61.10333333,22.932,21.531
APR130,33,MAC,3,3,70.68266667,39.57233333,22.932,21.531
APR132,11,MAC,1,1,5.306944444,9.957894737,91.58705556,66.09077193
APR132,15,MAC,1,1,7.839333333,24.518,91.58705556,29.42466667
APR132,12,MAC,1,1,96.894,76.04866667,91.58705556,66.09077193
APR132,14,MAC,1,1,28.56866667,53.94266667,91.58705556,29.42466667
APR132,23,MAC,2,2,95.46866667,58.59633333,91.25066667,14.89107018
APR132,24,MAC,2,2,4.218,14.65933333,91.25066667,33.543
APR132,25,MAC,2,2,36.109,48.20233333,91.25066667,33.543
APR132,21,MAC,2,2,89.525,43.70526316,91.25066667,14.89107018
APR132,22,MAC,2,2,37.124,52.07666667,91.25066667,14.89107018
APR132,32,MAC,3,3,68.28266667,65.656,69.86094444,20.8114386
APR132,35,MAC,3,3,18.03766667,26.71133333,69.86094444,21.16966667
APR132,34,MAC,3,3,32.68333333,47.881,69.86094444,21.16966667
APR132,31,MAC,3,3,87.89861111,44.8445614,69.86094444,20.8114386
APR133,13,MAC,1,1,77.412,53.536,27.17311111,22.92898246
APR133,11,MAC,1,1,50.23888889,30.60701754,27.17311111,22.92898246
APR133,21,MAC,2,2,48.82708333,35.27719298,0,0
APR133,32,MAC,3,3,75.52266667,27.578,82.74922222,56.26045614
APR133,62,MAC,6,3,98.752,71.918,82.74922222,56.26045614
APR133,31,MAC,3,3,16.00277778,15.65754386,82.74922222,56.26045614
APR133,61,MAC,6,3,92.52847222,46.64105263,82.74922222,56.26045614
APR134,13,MAC,1,1,76.99866667,32.35733333,7.558486111,1.274666667
APR134,12,MAC,1,1,75.17866667,31.80533333,7.558486111,1.274666667
APR134,11,MAC,1,1,82.73715278,33.08,7.558486111,1.274666667
APR134,21,MAC,2,2,70.38333333,40.67052632,43.494,24.71785965
APR134,22,MAC,2,2,26.88933333,15.95266667,43.494,24.71785965
APR134,32,MAC,3,3,66.76933333,28.68666667,4.996986111,10.40385965
APR134,31,MAC,3,3,71.76631944,39.09052632,4.996986111,10.40385965
APR140,13,MAC,1,1,52.481,27.624,33.009625,20.51214035
APR140,12,MAC,1,1,74.17866667,37.12133333,33.009625,20.51214035
APR140,11,MAC,1,1,85.490625,48.13614035,33.009625,20.51214035
APR140,22,MAC,2,2,58.95733333,37.67266667,22.74466667,17.51282456
APR140,21,MAC,2,2,67.87743056,33.54350877,22.74466667,17.51282456
APR140,23,MAC,2,2,81.702,51.05633333,22.74466667,17.51282456
APR140,32,MAC,3,3,91.114,49.67266667,4.084611111,15.36838596
APR140,31,MAC,3,3,95.19861111,65.04105263,4.084611111,15.36838596
APR141,11,MAC,1,1,90.25347222,39.00210526,21.50833333,29.822
APR141,13,MAC,1,1,72.79833333,31.36733333,21.50833333,29.822
APR141,12,MAC,1,1,94.30666667,61.18933333,21.50833333,29.822
APR141,21,MAC,2,2,70.0125,44.85192982,33.38983333,24.98726316
APR141,22,MAC,2,2,51.58266667,19.86466667,33.38983333,24.98726316
APR141,23,MAC,2,2,64.835,35.113,33.38983333,24.98726316
APR141,24,MAC,2,2,64.56633333,81.774,33.38983333,9.006666667
APR141,25,MAC,2,2,62.09333333,79.39866667,33.38983333,9.006666667
APR141,26,MAC,2,2,36.62266667,72.76733333,33.38983333,9.006666667
APR141,31,MAC,3,3,79.64930556,32.28701754,73.909,42.60733333
APR141,71,MAC,6,3,53.69270833,23.52859649,73.909,42.60733333
APR141,62,MAC,6,3,46.42133333,21.428,73.909,42.60733333
APR141,35,MAC,3,3,27.19666667,50.387,73.909,5.593666667
APR141,34,MAC,3,3,23.70166667,44.79333333,73.909,5.593666667
APR141,32,MAC,3,3,97.61066667,64.03533333,73.909,42.60733333
APR141,33,MAC,3,3,72.456,37.46933333,73.909,42.60733333
APR141,42,MAC,7,7,95.06666667,55.34466667,13.66423611,18.58361404
APR141,41,MAC,7,7,81.40243056,36.76105263,13.66423611,18.58361404
APR142,12,MAC,1,1,49.33866667,25.438,49.45930556,28.00024561
APR142,11,MAC,1,1,93.59930556,53.43824561,49.45930556,28.00024561
APR142,14,MAC,1,1,44.14,40.834,49.45930556,27.29766667
APR142,15,MAC,1,1,61.94266667,68.13166667,49.45930556,27.29766667
APR142,24,MAC,2,2,64.80433333,76.941,39.54233333,12.79066667
APR142,25,MAC,2,2,55.53566667,64.15033333,39.54233333,12.79066667
APR142,23,MAC,2,2,70.19466667,29.31633333,39.54233333,34.829
APR142,21,MAC,2,2,84.04305556,38.32245614,39.54233333,34.829
APR142,22,MAC,2,2,95.078,64.14533333,39.54233333,34.829
APR142,35,MAC,3,3,49.85466667,66.96466667,51.873,40.90966667
APR142,31,MAC,3,3,78.29270833,48.1677193,51.873,22.47561404
APR142,32,MAC,3,3,94.9,70.64333333,51.873,22.47561404
APR142,34,MAC,3,3,43.027,26.055,51.873,40.90966667
APR142,42,MAC,7,7,83.81933333,42.51266667,0,0
APR148,12,MAC,1,1,83.00533333,37.148,24.35033333,0.479333333
APR148,13,MAC,1,1,58.655,37.62733333,24.35033333,0.479333333
APR148,21,MAC,2,2,90.5625,54.20210526,68.894,45.56633333
APR148,23,MAC,2,2,25.04666667,14.03366667,68.894,45.56633333
APR148,22,MAC,2,2,93.94066667,59.6,68.894,45.56633333
APR148,32,MAC,3,3,94.31333333,71.748,5.488333333,29.31266667
APR148,31,MAC,3,3,88.825,49.60947368,5.488333333,29.31266667
APR148,33,MAC,3,3,90.91966667,42.43533333,5.488333333,29.31266667
APR150,13,MAC,1,1,37.27533333,21.63333333,14.61133333,19.29733333
APR150,11,MAC,1,1,42.69479167,33.06596491,14.61133333,19.29733333
APR150,12,MAC,1,1,51.88666667,40.93066667,14.61133333,19.29733333
APR150,21,MAC,2,2,28.51527778,38.66631579,22.41805556,6.047684211
APR150,22,MAC,2,2,50.93333333,44.714,22.41805556,6.047684211
APR150,32,MAC,3,3,37.592,25.45333333,2.149291667,11.39017544
APR150,31,MAC,3,3,35.44270833,36.84350877,2.149291667,11.39017544
APR157,11,MAC,1,1,85.41666667,34.07824561,12.52066667,9.929333333
APR157,12,MAC,1,1,89.95733333,38.88933333,12.52066667,9.929333333
APR157,13,MAC,1,1,77.43666667,28.96,12.52066667,9.929333333
APR157,22,MAC,2,2,71.976,46.82333333,19.4135,22.65842105
APR157,21,MAC,2,2,52.5625,24.16491228,19.4135,22.65842105
APR157,23,MAC,2,2,61.35333333,28.72233333,19.4135,22.65842105
APR157,33,MAC,3,3,58.022,26.30433333,16.14355556,15.22582456
APR157,32,MAC,3,3,57.77866667,23.15066667,16.14355556,15.22582456
APR157,31,MAC,3,3,73.92222222,38.37649123,16.14355556,15.22582456
APR158,11,MAC,1,1,96.88229167,50.34631579,0,0
APR158,21,MAC,2,2,97.021875,37.72140351,0,0
APR158,31,MAC,3,3,89.27951389,48.30070175,0,0
APR165,13,MAC,1,1,36.30833333,18.715,41.71111111,27.63566667
APR165,11,MAC,1,1,78.01944444,43.5954386,41.71111111,27.63566667
APR165,12,MAC,1,1,64.03,46.35066667,41.71111111,27.63566667
APR165,21,MAC,2,2,61.94166667,39.34666667,19.256,10.24
APR165,22,MAC,2,2,79.92333333,47.958,19.256,10.24
APR165,23,MAC,2,2,60.66733333,37.718,19.256,10.24
APR165,33,MAC,3,3,51.73066667,24.08233333,31.33466667,18.88608772
APR165,31,MAC,3,3,79.80659722,42.96842105,31.33466667,18.88608772
APR165,32,MAC,3,3,83.06533333,39.75466667,31.33466667,18.88608772
APR172,12,MAC,1,1,76.368,47.15333333,0,0
APR172,22,MAC,2,2,89.12,60.994,19.50611111,15.00066667
APR172,21,MAC,2,2,69.61388889,45.99333333,19.50611111,15.00066667
APR172,32,MAC,3,3,96.86733333,75.60866667,0,0
APR173,12,MAC,1,1,72.91733333,59.03266667,22.72566667,26.27333333
APR173,13,MAC,1,1,50.19166667,32.75933333,22.72566667,26.27333333
APR173,11,MAC,1,1,56.39097222,35.47649123,22.72566667,26.27333333
APR173,23,MAC,2,2,44.342,24.38333333,20.12933333,26.19666667
APR173,21,MAC,2,2,55.13958333,40.85929825,20.12933333,26.19666667
APR173,22,MAC,2,2,64.47133333,50.58,20.12933333,26.19666667
APR173,31,MAC,3,3,81.696875,47.46315789,3.675125,1.856175439
APR173,32,MAC,3,3,85.372,49.31933333,3.675125,1.856175439
APR183,11,MAC,1,1,57.81909722,28.12,0,0
APR183,21,MAC,2,2,89.82916667,42.01894737,0,0
APR183,31,MAC,3,3,82.43090278,29.4445614,20.91790278,7.533666667
APR183,33,MAC,3,3,61.513,23.62033333,20.91790278,7.533666667
APR183,32,MAC,3,3,67.93,31.154,20.91790278,7.533666667
APR226,12,MAC,1,1,72.87266667,36.51733333,35.54234722,27.22780702
APR226,14,MAC,1,1,65.00166667,75.59833333,35.54234722,12.37966667
APR226,15,MAC,1,1,55.333,63.21866667,35.54234722,12.37966667
APR226,11,MAC,1,1,90.87534722,55.23614035,35.54234722,27.22780702
APR226,13,MAC,1,1,60.039,28.00833333,35.54234722,27.22780702
APR226,23,MAC,2,2,14.056,12.14466667,26.31761111,15.74933333
APR226,22,MAC,2,2,31.47333333,27.894,26.31761111,15.74933333
APR226,21,MAC,2,2,40.37361111,16.40912281,26.31761111,15.74933333
APR226,32,MAC,3,3,96.01866667,73.31533333,13.17075,42.64033333
APR226,33,MAC,3,3,86.63766667,30.675,13.17075,42.64033333
APR226,31,MAC,3,3,82.84791667,37.04350877,13.17075,42.64033333
APR226,43,MAC,7,7,99.14466667,43.248,1.405083333,19.60866667
APR226,41,MAC,7,7,97.73958333,46.91508772,1.405083333,19.60866667
APR226,42,MAC,7,7,98.11866667,62.85666667,1.405083333,19.60866667
APR504,11,MAC,1,1,57.08263889,34.97614035,40.15666667,23.41352632
APR504,13,MAC,1,1,80.05933333,58.38966667,40.15666667,23.41352632
APR504,12,MAC,1,1,39.90266667,47.06533333,40.15666667,23.41352632
APR504,21,MAC,2,2,39.49756944,19.6322807,22.43576389,11.92305263
APR504,22,MAC,2,2,61.93333333,31.55533333,22.43576389,11.92305263
APR504,33,MAC,3,3,54.18166667,29.02,14.91433333,11.0357193
APR504,32,MAC,3,3,39.26733333,37.30133333,14.91433333,11.0357193
APR504,31,MAC,3,3,41.37326389,26.26561404,14.91433333,11.0357193
APR558,12,MAC,1,1,78.11066667,54.27133333,71.01266667,40.99066667
APR558,11,MAC,1,1,66.91527778,46.39789474,71.01266667,40.99066667
APR558,42,MAC,4,1,89.54,42.42466667,71.01266667,40.99066667
APR558,13,MAC,1,1,18.52733333,13.28066667,71.01266667,40.99066667
APR558,21,MAC,2,2,68.06527778,25.74105263,40.95733333,20.71333333
APR558,52,MAC,5,2,84.85066667,44.36066667,40.95733333,20.71333333
APR558,22,MAC,2,2,43.89333333,23.64733333,40.95733333,20.71333333
APR558,32,MAC,3,3,68.21133333,32.76133333,16.59526389,16.72666667
APR558,31,MAC,3,3,84.80659722,38.42210526,16.59526389,16.72666667
APR558,62,MAC,6,3,71.238,49.488,16.59526389,16.72666667
APR559,42,MAC,4,1,73.3,39.53266667,35.076,36.49326316
APR559,43,MAC,4,1,75.55466667,32.334,35.076,36.49326316
APR559,11,MAC,1,1,83.49270833,26.06807018,35.076,36.49326316
APR559,12,MAC,1,1,98.07333333,62.56133333,35.076,36.49326316
APR559,13,MAC,1,1,62.99733333,36.748,35.076,36.49326316
APR559,41,MAC,4,1,87.46875,41.5826087,35.076,36.49326316
APR559,53,MAC,5,2,54.373,21.81766667,40.20566667,21.049
APR559,51,MAC,5,2,74.14965278,33.65543478,40.20566667,21.049
APR559,23,MAC,2,2,94.57866667,42.86666667,40.20566667,21.049
APR559,22,MAC,2,2,79.99466667,36.346,40.20566667,21.049
APR559,21,MAC,2,2,94.54305556,39.80561404,40.20566667,21.049
APR559,62,MAC,6,3,63.02733333,25.18133333,10.17866667,7.549
APR559,33,MAC,3,3,64.785,26.795,10.17866667,7.549
APR559,32,MAC,3,3,73.206,31.46066667,10.17866667,7.549
APR559,63,MAC,6,3,69.58633333,23.91166667,10.17866667,7.549
APR560,43,MAC,4,1,66.101,34.918,38.08933333,54.30166667
APR560,13,MAC,1,1,60.07533333,26.04833333,38.08933333,54.30166667
APR560,12,MAC,1,1,98.16466667,80.35,38.08933333,54.30166667
APR560,11,MAC,1,1,66.22083333,36.71333333,38.08933333,54.30166667
APR560,41,MAC,4,1,64.82222222,27.61087719,38.08933333,54.30166667
APR560,53,MAC,5,2,44.54566667,22.30933333,54.645,70.426
APR560,52,MAC,5,2,92.74266667,58.16666667,54.645,70.426
APR560,23,MAC,2,2,63.99066667,36.97333333,54.645,70.426
APR560,22,MAC,2,2,99.19066667,92.73533333,54.645,70.426
APR560,51,MAC,5,2,66.72673611,32.96807018,54.645,70.426
APR560,21,MAC,2,2,63.17222222,35.99824561,54.645,70.426
APR560,31,MAC,3,3,84.52291667,42.06596491,44.71233333,44.75966667
APR560,32,MAC,3,3,98.98,67.028,44.71233333,44.75966667
APR560,33,MAC,3,3,54.51566667,22.26833333,44.71233333,44.75966667
APR560,61,MAC,6,3,78.53402778,36.71684211,44.71233333,44.75966667
APR560,62,MAC,6,3,99.228,63.43666667,44.71233333,44.75966667
APR560,63,MAC,6,3,78.11566667,41.43566667,44.71233333,44.75966667
APR561,11,MAC,1,1,72.78229167,36.91473684,28.04995833,13.61873684
APR561,13,MAC,1,1,44.73233333,23.296,28.04995833,13.61873684
APR561,22,MAC,2,2,91.198,51.36133333,44.05966667,33.97833333
APR561,23,MAC,2,2,47.13833333,17.383,44.05966667,33.97833333
APR561,21,MAC,2,2,71.54409722,27.18526316,44.05966667,33.97833333
APR561,31,MAC,3,3,57.79166667,34.11052632,17.239,11.83185965
APR561,33,MAC,3,3,40.55266667,22.27866667,17.239,11.83185965
APR562,12,MAC,1,1,97.62533333,67.69266667,0,0
APR562,22,MAC,2,2,91.70933333,52.716,31.06836111,30.77033333
APR562,21,MAC,2,2,60.64097222,28.87298246,31.06836111,30.77033333
APR562,23,MAC,2,2,63.555,21.94566667,31.06836111,30.77033333
APR562,32,MAC,3,3,97.144,61.76533333,0,0
APR563,11,MAC,1,1,74.73854167,33.98070175,0,0
APR563,21,MAC,2,2,81.91354167,39.81859649,0,0
APR563,31,MAC,3,3,50.16076389,21.01157895,0,0
APR564,11,MAC,1,1,83.03020833,35.89614035,6.095541667,6.921859649
APR564,12,MAC,1,1,76.93466667,42.818,6.095541667,6.921859649
APR564,13,MAC,1,1,82.61266667,36.31833333,6.095541667,6.921859649
APR564,22,MAC,2,2,74.56933333,29.44133333,0,0
APR564,31,MAC,3,3,62.95034722,23.76736842,57.20833333,47.42933333
APR564,32,MAC,3,3,98.494,59.80666667,57.20833333,47.42933333
APR564,33,MAC,3,3,41.28566667,12.37733333,57.20833333,47.42933333
